07AF0DCD75A4D5DA;adc7ad3c261d2753cb7a2fe73a66c210;C:\Windows\System32\ARP.EXE;20992;0;
07AF0DCD75A4D5DA;7bd932ffa2e9b359cb0544615973d149;C:\Windows\System32\at.exe;24064;1;
07AF0DCD75A4D5DA;3ca2bb895e204478c7a4c9baf70970ce;C:\Windows\System32\AtBroker.exe;29184;0;
07AF0DCD75A4D5DA;459a5755afbb1cb3e67ca4c1296599e3;C:\Windows\System32\attrib.exe;16384;0;
07AF0DCD75A4D5DA;670205944b0f9d4fe47b86d7f6cc0a16;C:\Windows\System32\auditpol.exe;50176;0;
07AF0DCD75A4D5DA;f88a52eb62019d6a62fdd9e08034dbd8;C:\Windows\System32\autochk.exe;668160;0;
07AF0DCD75A4D5DA;3ca2bb895e204478c7a4c9baf70970ce;C:\Windows\System32\autoconv.exe;679424;0;
07AF0DCD75A4D5DA;3ca2bb895e204478c7a4c9baf70970ce;C:\Windows\System32\autofmt.exe;658944;0;
07AF0DCD75A4D5DA;3ca2bb895e204478c7a4c9baf70970ce;C:\Windows\System32\bitsadmin.exe;186368;0;
0E497EF5D8D1F25B;adc7ad3c261d2753cb7a2fe73a66c210;C:\Windows\System32\ARP.EXE;20992;0;
0E497EF5D8D1F25B;7bd932ffa2e9b359cb0544615973d149;C:\Windows\System32\at.exe;24064;1;
0E497EF5D8D1F25B;3ca2bb895e204478c7a4c9baf70970ce;C:\Windows\System32\AtBroker.exe;29184;0;
0E497EF5D8D1F25B;459a5755afbb1cb3e67ca4c1296599e3;C:\Windows\System32\attrib.exe;16384;0;
0E497EF5D8D1F25B;670205944b0f9d4fe47b86d7f6cc0a16;C:\Windows\System32\auditpol.exe;50176;0;
0E497EF5D8D1F25B;f88a52eb62019d6a62fdd9e08034dbd8;C:\Windows\System32\autochk.exe;668160;0;
0E497EF5D8D1F25B;09d786401f6ca6aeb16b2811b169f944;C:\Windows\System32\autoconv.exe;679424;0;
0E497EF5D8D1F25B;a475b7bb0cccfd848aa26075e81d7888;C:\Windows\System32\autofmt.exe;658944;0;
0E497EF5D8D1F25B;adc7ad3c261d2753cb7a2fe73a66c210;C:\Windows\System32\bitsadmin.exe;186368;0;
0E497EF5D8D1F25B;a475b7bb0cccfd848aa26075e81d7888;C:\Windows\System32\bootcfg.exe;81408;0;
21A40A3214963D3A;7bd932ffa2e9b359cb0544615973d149;C:\Windows\System32\at.exe;24064;1;
21A40A3214963D3A;3ca2bb895e204478c7a4c9baf70970ce;C:\Windows\System32\AtBroker.exe;29184;0;
21A40A3214963D3A;459a5755afbb1cb3e67ca4c1296599e3;C:\Windows\System32\attrib.exe;16384;0;
21A40A3214963D3A;670205944b0f9d4fe47b86d7f6cc0a16;C:\Windows\System32\auditpol.exe;50176;0;
21A40A3214963D3A;f88a52eb62019d6a62fdd9e08034dbd8;C:\Windows\System32\autochk.exe;668160;0;
21A40A3214963D3A;3ca2bb895e204478c7a4c9baf70970ce;C:\Windows\System32\autoconv.exe;679424;1;
21A40A3214963D3A;3ca2bb895e204478c7a4c9baf70970ce;C:\Windows\System32\autofmt.exe;658944;1;
21A40A3214963D3A;0920b14aa67a8b04acf48ffe7c6f0927;C:\Windows\System32\bitsadmin.exe;186368;0;
21A40A3214963D3A;ba4e1a60bd20ca7978c76d79f19e37f0;C:\Windows\System32\DisplaySwitch.exe;522752;0;
21A40A3214963D3A;a63dc5c2ea944e6657203e0c8edeaf61;C:\Windows\System32\dllhost.exe;7168;0;
78B331084317C51;316de5eae273187a16e57f2931296079;D:\Work\33\Test\Source\diskperf.exe;17408;0;
78B331084317C51;bf1ead0561f37cea65f76dd276f90e04;D:\Work\33\Test\Source\diskraid.exe;276480;1;
78B331084317C51;4087f52a17eb28592a7dc0d8440a980e;D:\Work\33\Test\Source\Dism.exe;202752;0;
78B331084317C51;f7b53b4bd50c13d17f5c54f82cde7836;D:\Work\33\Test\Source\DismHost.exe;82944;0;
78B331084317C51;ba4e1a60bd20ca7978c76d79f19e37f0;D:\Work\33\Test\Source\DisplaySwitch.exe;522752;0;
78B331084317C51;4087f52a17eb28592a7dc0d8440a980e;D:\Work\33\Test\Source\dllhost.exe;7168;0;
78B331084317C51;0f498e1e332f1c1fbf32b558805ed0d5;D:\Work\33\Test\Source\dllhst3g.exe;7168;0;
78B331084317C51;7bd932ffa2e9b359cb0544615973d149;D:\Work\33\Test\Source\dnscacheugc.exe;28672;0;
78B331084317C51;ba4e1a60bd20ca7978c76d79f19e37f0;D:\Work\33\Test\Source\doskey.exe;15872;0;
78B331084317C51;f7b53b4bd50c13d17f5c54f82cde7836;D:\Work\33\Test\Source\dpapimig.exe;72192;0;
C2AE535862680B61;7bd932ffa2e9b359cb0544615973d149;D:\Work\33\Test\Source\diskperf.exe;17408;0;
C2AE535862680B61;3ca2bb895e204478c7a4c9baf70970ce;D:\Work\33\Test\Source\diskraid.exe;276480;1;
C2AE535862680B61;4087f52a17eb28592a7dc0d8440a980e;D:\Work\33\Test\Source\Dism.exe;202752;0;
C2AE535862680B61;f7b53b4bd50c13d17f5c54f82cde7836;D:\Work\33\Test\Source\DismHost.exe;82944;0;
C2AE535862680B61;ba4e1a60bd20ca7978c76d79f19e37f0;D:\Work\33\Test\Source\DisplaySwitch.exe;522752;0;
C2AE535862680B61;f88a52eb62019d6a62fdd9e08034dbd8;D:\Work\33\Test\Source\dllhost.exe;7168;0;
C2AE535862680B61;0f498e1e332f1c1fbf32b558805ed0d5;D:\Work\33\Test\Source\dllhst3g.exe;7168;0;
C2AE535862680B61;acbc1fb1950ac0c41944a6c8917032ef;D:\Work\33\Test\Source\dnscacheugc.exe;28672;0;
C2AE535862680B61;f88a52eb62019d6a62fdd9e08034dbd8;D:\Work\33\Test\Source\doskey.exe;15872;0;
C2AE535862680B61;99ee3107f860c98ca71f1b547f18be6f;D:\Work\33\Test\Source\dpapimig.exe;72192;0;
